{"name":"DemoWeb","classpathEntries":[{"kind":"binary","path":"C:\\Program Files\\Java\\jdk1.8.0_91\\jre\\lib\\resources.jar","javadocContainerUrl":"https://docs.oracle.com/javase/1/docs/api/","isSystem":true,"isOwn":false,"isTest":false,"isJavaContent":false},{"kind":"binary","path":"C:\\Program Files\\Java\\jdk1.8.0_91\\jre\\lib\\rt.jar","javadocContainerUrl":"https://docs.oracle.com/javase/1/docs/api/","isSystem":true,"isOwn":false,"isTest":false,"isJavaContent":false},{"kind":"binary","path":"C:\\Program Files\\Java\\jdk1.8.0_91\\jre\\lib\\jsse.jar","javadocContainerUrl":"https://docs.oracle.com/javase/1/docs/api/","isSystem":true,"isOwn":false,"isTest":false,"isJavaContent":false},{"kind":"binary","path":"C:\\Program Files\\Java\\jdk1.8.0_91\\jre\\lib\\jce.jar","javadocContainerUrl":"https://docs.oracle.com/javase/1/docs/api/","isSystem":true,"isOwn":false,"isTest":false,"isJavaContent":false},{"kind":"binary","path":"C:\\Program Files\\Java\\jdk1.8.0_91\\jre\\lib\\charsets.jar","javadocContainerUrl":"https://docs.oracle.com/javase/1/docs/api/","isSystem":true,"isOwn":false,"isTest":false,"isJavaContent":false},{"kind":"binary","path":"C:\\Program Files\\Java\\jdk1.8.0_91\\jre\\lib\\jfr.jar","javadocContainerUrl":"https://docs.oracle.com/javase/1/docs/api/","isSystem":true,"isOwn":false,"isTest":false,"isJavaContent":false},{"kind":"binary","path":"C:\\Users\\SKATTEBO\\.m2\\repository\\org\\springframework\\spring-webmvc\\5.2.1.RELEASE\\spring-webmvc-5.2.1.RELEASE.jar","sourceContainerUrl":"file:/C:/Users/SKATTEBO/.m2/repository/org/springframework/spring-webmvc/5.2.1.RELEASE/spring-webmvc-5.2.1.RELEASE-sources.jar","javadocContainerUrl":"file:/C:/Users/SKATTEBO/.m2/repository/org/springframework/spring-webmvc/5.2.1.RELEASE/spring-webmvc-5.2.1.RELEASE-javadoc.jar","isSystem":false,"isOwn":false,"isTest":false,"isJavaContent":false},{"kind":"binary","path":"C:\\Users\\SKATTEBO\\.m2\\repository\\org\\springframework\\spring-aop\\5.2.1.RELEASE\\spring-aop-5.2.1.RELEASE.jar","sourceContainerUrl":"file:/C:/Users/SKATTEBO/.m2/repository/org/springframework/spring-aop/5.2.1.RELEASE/spring-aop-5.2.1.RELEASE-sources.jar","javadocContainerUrl":"file:/C:/Users/SKATTEBO/.m2/repository/org/springframework/spring-aop/5.2.1.RELEASE/spring-aop-5.2.1.RELEASE-javadoc.jar","isSystem":false,"isOwn":false,"isTest":false,"isJavaContent":false},{"kind":"binary","path":"C:\\Users\\SKATTEBO\\.m2\\repository\\org\\springframework\\spring-beans\\5.2.1.RELEASE\\spring-beans-5.2.1.RELEASE.jar","sourceContainerUrl":"file:/C:/Users/SKATTEBO/.m2/repository/org/springframework/spring-beans/5.2.1.RELEASE/spring-beans-5.2.1.RELEASE-sources.jar","javadocContainerUrl":"file:/C:/Users/SKATTEBO/.m2/repository/org/springframework/spring-beans/5.2.1.RELEASE/spring-beans-5.2.1.RELEASE-javadoc.jar","isSystem":false,"isOwn":false,"isTest":false,"isJavaContent":false},{"kind":"binary","path":"C:\\Users\\SKATTEBO\\.m2\\repository\\org\\springframework\\spring-context\\5.2.1.RELEASE\\spring-context-5.2.1.RELEASE.jar","sourceContainerUrl":"file:/C:/Users/SKATTEBO/.m2/repository/org/springframework/spring-context/5.2.1.RELEASE/spring-context-5.2.1.RELEASE-sources.jar","javadocContainerUrl":"file:/C:/Users/SKATTEBO/.m2/repository/org/springframework/spring-context/5.2.1.RELEASE/spring-context-5.2.1.RELEASE-javadoc.jar","isSystem":false,"isOwn":false,"isTest":false,"isJavaContent":false},{"kind":"binary","path":"C:\\Users\\SKATTEBO\\.m2\\repository\\org\\springframework\\spring-core\\5.2.1.RELEASE\\spring-core-5.2.1.RELEASE.jar","sourceContainerUrl":"file:/C:/Users/SKATTEBO/.m2/repository/org/springframework/spring-core/5.2.1.RELEASE/spring-core-5.2.1.RELEASE-sources.jar","javadocContainerUrl":"file:/C:/Users/SKATTEBO/.m2/repository/org/springframework/spring-core/5.2.1.RELEASE/spring-core-5.2.1.RELEASE-javadoc.jar","isSystem":false,"isOwn":false,"isTest":false,"isJavaContent":false},{"kind":"binary","path":"C:\\Users\\SKATTEBO\\.m2\\repository\\org\\springframework\\spring-jcl\\5.2.1.RELEASE\\spring-jcl-5.2.1.RELEASE.jar","sourceContainerUrl":"file:/C:/Users/SKATTEBO/.m2/repository/org/springframework/spring-jcl/5.2.1.RELEASE/spring-jcl-5.2.1.RELEASE-sources.jar","javadocContainerUrl":"file:/C:/Users/SKATTEBO/.m2/repository/org/springframework/spring-jcl/5.2.1.RELEASE/spring-jcl-5.2.1.RELEASE-javadoc.jar","isSystem":false,"isOwn":false,"isTest":false,"isJavaContent":false},{"kind":"binary","path":"C:\\Users\\SKATTEBO\\.m2\\repository\\org\\springframework\\spring-expression\\5.2.1.RELEASE\\spring-expression-5.2.1.RELEASE.jar","sourceContainerUrl":"file:/C:/Users/SKATTEBO/.m2/repository/org/springframework/spring-expression/5.2.1.RELEASE/spring-expression-5.2.1.RELEASE-sources.jar","javadocContainerUrl":"file:/C:/Users/SKATTEBO/.m2/repository/org/springframework/spring-expression/5.2.1.RELEASE/spring-expression-5.2.1.RELEASE-javadoc.jar","isSystem":false,"isOwn":false,"isTest":false,"isJavaContent":false},{"kind":"binary","path":"C:\\Users\\SKATTEBO\\.m2\\repository\\org\\springframework\\spring-web\\5.2.1.RELEASE\\spring-web-5.2.1.RELEASE.jar","sourceContainerUrl":"file:/C:/Users/SKATTEBO/.m2/repository/org/springframework/spring-web/5.2.1.RELEASE/spring-web-5.2.1.RELEASE-sources.jar","javadocContainerUrl":"file:/C:/Users/SKATTEBO/.m2/repository/org/springframework/spring-web/5.2.1.RELEASE/spring-web-5.2.1.RELEASE-javadoc.jar","isSystem":false,"isOwn":false,"isTest":false,"isJavaContent":false},{"kind":"binary","path":"C:\\Users\\SKATTEBO\\.m2\\repository\\org\\springframework\\spring-orm\\5.2.1.RELEASE\\spring-orm-5.2.1.RELEASE.jar","sourceContainerUrl":"file:/C:/Users/SKATTEBO/.m2/repository/org/springframework/spring-orm/5.2.1.RELEASE/spring-orm-5.2.1.RELEASE-sources.jar","javadocContainerUrl":"file:/C:/Users/SKATTEBO/.m2/repository/org/springframework/spring-orm/5.2.1.RELEASE/spring-orm-5.2.1.RELEASE-javadoc.jar","isSystem":false,"isOwn":false,"isTest":false,"isJavaContent":false},{"kind":"binary","path":"C:\\Users\\SKATTEBO\\.m2\\repository\\org\\springframework\\spring-jdbc\\5.2.1.RELEASE\\spring-jdbc-5.2.1.RELEASE.jar","sourceContainerUrl":"file:/C:/Users/SKATTEBO/.m2/repository/org/springframework/spring-jdbc/5.2.1.RELEASE/spring-jdbc-5.2.1.RELEASE-sources.jar","javadocContainerUrl":"file:/C:/Users/SKATTEBO/.m2/repository/org/springframework/spring-jdbc/5.2.1.RELEASE/spring-jdbc-5.2.1.RELEASE-javadoc.jar","isSystem":false,"isOwn":false,"isTest":false,"isJavaContent":false},{"kind":"binary","path":"C:\\Users\\SKATTEBO\\.m2\\repository\\org\\springframework\\spring-tx\\5.2.1.RELEASE\\spring-tx-5.2.1.RELEASE.jar","sourceContainerUrl":"file:/C:/Users/SKATTEBO/.m2/repository/org/springframework/spring-tx/5.2.1.RELEASE/spring-tx-5.2.1.RELEASE-sources.jar","javadocContainerUrl":"file:/C:/Users/SKATTEBO/.m2/repository/org/springframework/spring-tx/5.2.1.RELEASE/spring-tx-5.2.1.RELEASE-javadoc.jar","isSystem":false,"isOwn":false,"isTest":false,"isJavaContent":false},{"kind":"binary","path":"C:\\Users\\SKATTEBO\\.m2\\repository\\javax\\servlet\\jstl\\1.2\\jstl-1.2.jar","sourceContainerUrl":"file:/C:/Users/SKATTEBO/.m2/repository/javax/servlet/jstl/1.2/jstl-1.2-sources.jar","isSystem":false,"isOwn":false,"isTest":false,"isJavaContent":false},{"kind":"binary","path":"C:\\Users\\SKATTEBO\\.m2\\repository\\javax\\servlet\\javax.servlet-api\\3.1.0\\javax.servlet-api-3.1.0.jar","sourceContainerUrl":"file:/C:/Users/SKATTEBO/.m2/repository/javax/servlet/javax.servlet-api/3.1.0/javax.servlet-api-3.1.0-sources.jar","javadocContainerUrl":"file:/C:/Users/SKATTEBO/.m2/repository/javax/servlet/javax.servlet-api/3.1.0/javax.servlet-api-3.1.0-javadoc.jar","isSystem":false,"isOwn":false,"isTest":false,"isJavaContent":false},{"kind":"binary","path":"C:\\Users\\SKATTEBO\\.m2\\repository\\javax\\servlet\\jsp\\jsp-api\\2.2\\jsp-api-2.2.jar","sourceContainerUrl":"file:/C:/Users/SKATTEBO/.m2/repository/javax/servlet/jsp/jsp-api/2.2/jsp-api-2.2-sources.jar","javadocContainerUrl":"file:/C:/Users/SKATTEBO/.m2/repository/javax/servlet/jsp/jsp-api/2.2/jsp-api-2.2-javadoc.jar","isSystem":false,"isOwn":false,"isTest":false,"isJavaContent":false},{"kind":"binary","path":"C:\\Users\\SKATTEBO\\.m2\\repository\\org\\slf4j\\slf4j-api\\1.7.5\\slf4j-api-1.7.5.jar","sourceContainerUrl":"file:/C:/Users/SKATTEBO/.m2/repository/org/slf4j/slf4j-api/1.7.5/slf4j-api-1.7.5-sources.jar","javadocContainerUrl":"file:/C:/Users/SKATTEBO/.m2/repository/org/slf4j/slf4j-api/1.7.5/slf4j-api-1.7.5-javadoc.jar","isSystem":false,"isOwn":false,"isTest":false,"isJavaContent":false},{"kind":"binary","path":"C:\\Users\\SKATTEBO\\.m2\\repository\\ch\\qos\\logback\\logback-classic\\1.0.13\\logback-classic-1.0.13.jar","sourceContainerUrl":"file:/C:/Users/SKATTEBO/.m2/repository/ch/qos/logback/logback-classic/1.0.13/logback-classic-1.0.13-sources.jar","javadocContainerUrl":"file:/C:/Users/SKATTEBO/.m2/repository/ch/qos/logback/logback-classic/1.0.13/logback-classic-1.0.13-javadoc.jar","isSystem":false,"isOwn":false,"isTest":false,"isJavaContent":false},{"kind":"binary","path":"C:\\Users\\SKATTEBO\\.m2\\repository\\ch\\qos\\logback\\logback-core\\1.0.13\\logback-core-1.0.13.jar","sourceContainerUrl":"file:/C:/Users/SKATTEBO/.m2/repository/ch/qos/logback/logback-core/1.0.13/logback-core-1.0.13-sources.jar","javadocContainerUrl":"file:/C:/Users/SKATTEBO/.m2/repository/ch/qos/logback/logback-core/1.0.13/logback-core-1.0.13-javadoc.jar","isSystem":false,"isOwn":false,"isTest":false,"isJavaContent":false},{"kind":"binary","path":"C:\\Users\\SKATTEBO\\.m2\\repository\\javax\\persistence\\javax.persistence-api\\2.2\\javax.persistence-api-2.2.jar","sourceContainerUrl":"file:/C:/Users/SKATTEBO/.m2/repository/javax/persistence/javax.persistence-api/2.2/javax.persistence-api-2.2-sources.jar","javadocContainerUrl":"file:/C:/Users/SKATTEBO/.m2/repository/javax/persistence/javax.persistence-api/2.2/javax.persistence-api-2.2-javadoc.jar","isSystem":false,"isOwn":false,"isTest":false,"isJavaContent":false},{"kind":"binary","path":"C:\\Users\\SKATTEBO\\.m2\\repository\\org\\hibernate\\hibernate-entitymanager\\5.4.0.Final\\hibernate-entitymanager-5.4.0.Final.jar","sourceContainerUrl":"file:/C:/Users/SKATTEBO/.m2/repository/org/hibernate/hibernate-entitymanager/5.4.0.Final/hibernate-entitymanager-5.4.0.Final-sources.jar","javadocContainerUrl":"file:/C:/Users/SKATTEBO/.m2/repository/org/hibernate/hibernate-entitymanager/5.4.0.Final/hibernate-entitymanager-5.4.0.Final-javadoc.jar","isSystem":false,"isOwn":false,"isTest":false,"isJavaContent":false},{"kind":"binary","path":"C:\\Users\\SKATTEBO\\.m2\\repository\\org\\jboss\\logging\\jboss-logging\\3.3.2.Final\\jboss-logging-3.3.2.Final.jar","sourceContainerUrl":"file:/C:/Users/SKATTEBO/.m2/repository/org/jboss/logging/jboss-logging/3.3.2.Final/jboss-logging-3.3.2.Final-sources.jar","javadocContainerUrl":"file:/C:/Users/SKATTEBO/.m2/repository/org/jboss/logging/jboss-logging/3.3.2.Final/jboss-logging-3.3.2.Final-javadoc.jar","isSystem":false,"isOwn":false,"isTest":false,"isJavaContent":false},{"kind":"binary","path":"C:\\Users\\SKATTEBO\\.m2\\repository\\org\\hibernate\\hibernate-core\\5.4.0.Final\\hibernate-core-5.4.0.Final.jar","sourceContainerUrl":"file:/C:/Users/SKATTEBO/.m2/repository/org/hibernate/hibernate-core/5.4.0.Final/hibernate-core-5.4.0.Final-sources.jar","javadocContainerUrl":"file:/C:/Users/SKATTEBO/.m2/repository/org/hibernate/hibernate-core/5.4.0.Final/hibernate-core-5.4.0.Final-javadoc.jar","isSystem":false,"isOwn":false,"isTest":false,"isJavaContent":false},{"kind":"binary","path":"C:\\Users\\SKATTEBO\\.m2\\repository\\org\\javassist\\javassist\\3.24.0-GA\\javassist-3.24.0-GA.jar","sourceContainerUrl":"file:/C:/Users/SKATTEBO/.m2/repository/org/javassist/javassist/3.24.0-GA/javassist-3.24.0-GA-sources.jar","javadocContainerUrl":"file:/C:/Users/SKATTEBO/.m2/repository/org/javassist/javassist/3.24.0-GA/javassist-3.24.0-GA-javadoc.jar","isSystem":false,"isOwn":false,"isTest":false,"isJavaContent":false},{"kind":"binary","path":"C:\\Users\\SKATTEBO\\.m2\\repository\\antlr\\antlr\\2.7.7\\antlr-2.7.7.jar","isSystem":false,"isOwn":false,"isTest":false,"isJavaContent":false},{"kind":"binary","path":"C:\\Users\\SKATTEBO\\.m2\\repository\\org\\jboss\\jandex\\2.0.5.Final\\jandex-2.0.5.Final.jar","sourceContainerUrl":"file:/C:/Users/SKATTEBO/.m2/repository/org/jboss/jandex/2.0.5.Final/jandex-2.0.5.Final-sources.jar","isSystem":false,"isOwn":false,"isTest":false,"isJavaContent":false},{"kind":"binary","path":"C:\\Users\\SKATTEBO\\.m2\\repository\\com\\fasterxml\\classmate\\1.3.4\\classmate-1.3.4.jar","sourceContainerUrl":"file:/C:/Users/SKATTEBO/.m2/repository/com/fasterxml/classmate/1.3.4/classmate-1.3.4-sources.jar","javadocContainerUrl":"file:/C:/Users/SKATTEBO/.m2/repository/com/fasterxml/classmate/1.3.4/classmate-1.3.4-javadoc.jar","isSystem":false,"isOwn":false,"isTest":false,"isJavaContent":false},{"kind":"binary","path":"C:\\Users\\SKATTEBO\\.m2\\repository\\javax\\activation\\javax.activation-api\\1.2.0\\javax.activation-api-1.2.0.jar","sourceContainerUrl":"file:/C:/Users/SKATTEBO/.m2/repository/javax/activation/javax.activation-api/1.2.0/javax.activation-api-1.2.0-sources.jar","javadocContainerUrl":"file:/C:/Users/SKATTEBO/.m2/repository/javax/activation/javax.activation-api/1.2.0/javax.activation-api-1.2.0-javadoc.jar","isSystem":false,"isOwn":false,"isTest":false,"isJavaContent":false},{"kind":"binary","path":"C:\\Users\\SKATTEBO\\.m2\\repository\\javax\\xml\\bind\\jaxb-api\\2.3.1\\jaxb-api-2.3.1.jar","sourceContainerUrl":"file:/C:/Users/SKATTEBO/.m2/repository/javax/xml/bind/jaxb-api/2.3.1/jaxb-api-2.3.1-sources.jar","javadocContainerUrl":"file:/C:/Users/SKATTEBO/.m2/repository/javax/xml/bind/jaxb-api/2.3.1/jaxb-api-2.3.1-javadoc.jar","isSystem":false,"isOwn":false,"isTest":false,"isJavaContent":false},{"kind":"binary","path":"C:\\Users\\SKATTEBO\\.m2\\repository\\org\\glassfish\\jaxb\\jaxb-runtime\\2.3.1\\jaxb-runtime-2.3.1.jar","sourceContainerUrl":"file:/C:/Users/SKATTEBO/.m2/repository/org/glassfish/jaxb/jaxb-runtime/2.3.1/jaxb-runtime-2.3.1-sources.jar","javadocContainerUrl":"file:/C:/Users/SKATTEBO/.m2/repository/org/glassfish/jaxb/jaxb-runtime/2.3.1/jaxb-runtime-2.3.1-javadoc.jar","isSystem":false,"isOwn":false,"isTest":false,"isJavaContent":false},{"kind":"binary","path":"C:\\Users\\SKATTEBO\\.m2\\repository\\org\\glassfish\\jaxb\\txw2\\2.3.1\\txw2-2.3.1.jar","sourceContainerUrl":"file:/C:/Users/SKATTEBO/.m2/repository/org/glassfish/jaxb/txw2/2.3.1/txw2-2.3.1-sources.jar","javadocContainerUrl":"file:/C:/Users/SKATTEBO/.m2/repository/org/glassfish/jaxb/txw2/2.3.1/txw2-2.3.1-javadoc.jar","isSystem":false,"isOwn":false,"isTest":false,"isJavaContent":false},{"kind":"binary","path":"C:\\Users\\SKATTEBO\\.m2\\repository\\com\\sun\\istack\\istack-commons-runtime\\3.0.7\\istack-commons-runtime-3.0.7.jar","sourceContainerUrl":"file:/C:/Users/SKATTEBO/.m2/repository/com/sun/istack/istack-commons-runtime/3.0.7/istack-commons-runtime-3.0.7-sources.jar","javadocContainerUrl":"file:/C:/Users/SKATTEBO/.m2/repository/com/sun/istack/istack-commons-runtime/3.0.7/istack-commons-runtime-3.0.7-javadoc.jar","isSystem":false,"isOwn":false,"isTest":false,"isJavaContent":false},{"kind":"binary","path":"C:\\Users\\SKATTEBO\\.m2\\repository\\org\\jvnet\\staxex\\stax-ex\\1.8\\stax-ex-1.8.jar","sourceContainerUrl":"file:/C:/Users/SKATTEBO/.m2/repository/org/jvnet/staxex/stax-ex/1.8/stax-ex-1.8-sources.jar","javadocContainerUrl":"file:/C:/Users/SKATTEBO/.m2/repository/org/jvnet/staxex/stax-ex/1.8/stax-ex-1.8-javadoc.jar","isSystem":false,"isOwn":false,"isTest":false,"isJavaContent":false},{"kind":"binary","path":"C:\\Users\\SKATTEBO\\.m2\\repository\\com\\sun\\xml\\fastinfoset\\FastInfoset\\1.2.15\\FastInfoset-1.2.15.jar","sourceContainerUrl":"file:/C:/Users/SKATTEBO/.m2/repository/com/sun/xml/fastinfoset/FastInfoset/1.2.15/FastInfoset-1.2.15-sources.jar","javadocContainerUrl":"file:/C:/Users/SKATTEBO/.m2/repository/com/sun/xml/fastinfoset/FastInfoset/1.2.15/FastInfoset-1.2.15-javadoc.jar","isSystem":false,"isOwn":false,"isTest":false,"isJavaContent":false},{"kind":"binary","path":"C:\\Users\\SKATTEBO\\.m2\\repository\\org\\dom4j\\dom4j\\2.1.1\\dom4j-2.1.1.jar","sourceContainerUrl":"file:/C:/Users/SKATTEBO/.m2/repository/org/dom4j/dom4j/2.1.1/dom4j-2.1.1-sources.jar","javadocContainerUrl":"file:/C:/Users/SKATTEBO/.m2/repository/org/dom4j/dom4j/2.1.1/dom4j-2.1.1-javadoc.jar","isSystem":false,"isOwn":false,"isTest":false,"isJavaContent":false},{"kind":"binary","path":"C:\\Users\\SKATTEBO\\.m2\\repository\\org\\hibernate\\common\\hibernate-commons-annotations\\5.1.0.Final\\hibernate-commons-annotations-5.1.0.Final.jar","sourceContainerUrl":"file:/C:/Users/SKATTEBO/.m2/repository/org/hibernate/common/hibernate-commons-annotations/5.1.0.Final/hibernate-commons-annotations-5.1.0.Final-sources.jar","isSystem":false,"isOwn":false,"isTest":false,"isJavaContent":false},{"kind":"binary","path":"C:\\Users\\SKATTEBO\\.m2\\repository\\net\\bytebuddy\\byte-buddy\\1.9.5\\byte-buddy-1.9.5.jar","sourceContainerUrl":"file:/C:/Users/SKATTEBO/.m2/repository/net/bytebuddy/byte-buddy/1.9.5/byte-buddy-1.9.5-sources.jar","isSystem":false,"isOwn":false,"isTest":false,"isJavaContent":false},{"kind":"binary","path":"C:\\Users\\SKATTEBO\\.m2\\repository\\org\\jboss\\spec\\javax\\transaction\\jboss-transaction-api_1.2_spec\\1.1.1.Final\\jboss-transaction-api_1.2_spec-1.1.1.Final.jar","sourceContainerUrl":"file:/C:/Users/SKATTEBO/.m2/repository/org/jboss/spec/javax/transaction/jboss-transaction-api_1.2_spec/1.1.1.Final/jboss-transaction-api_1.2_spec-1.1.1.Final-sources.jar","javadocContainerUrl":"file:/C:/Users/SKATTEBO/.m2/repository/org/jboss/spec/javax/transaction/jboss-transaction-api_1.2_spec/1.1.1.Final/jboss-transaction-api_1.2_spec-1.1.1.Final-javadoc.jar","isSystem":false,"isOwn":false,"isTest":false,"isJavaContent":false},{"kind":"source","path":"C:\\Users\\SKATTEBO\\Downloads\\FinalDemoWeb\\src\\main\\java","outputFolder":"C:\\Users\\SKATTEBO\\Downloads\\FinalDemoWeb\\target\\classes","javadocContainerUrl":"file:/C:/Users/SKATTEBO/Downloads/FinalDemoWeb/target/site/apidocs","isSystem":false,"isOwn":true,"isTest":false,"isJavaContent":true},{"kind":"source","path":"C:\\Users\\SKATTEBO\\Downloads\\FinalDemoWeb\\src\\test\\java","outputFolder":"C:\\Users\\SKATTEBO\\Downloads\\FinalDemoWeb\\target\\test-classes","javadocContainerUrl":"file:/C:/Users/SKATTEBO/Downloads/FinalDemoWeb/target/site/apidocs","isSystem":false,"isOwn":true,"isTest":true,"isJavaContent":true},{"kind":"source","path":"C:\\Users\\SKATTEBO\\Downloads\\FinalDemoWeb\\src\\main\\resources","outputFolder":"C:\\Users\\SKATTEBO\\Downloads\\FinalDemoWeb\\target\\classes","isSystem":false,"isOwn":true,"isTest":false,"isJavaContent":false},{"kind":"source","path":"C:\\Users\\SKATTEBO\\Downloads\\FinalDemoWeb\\src\\test\\resources","outputFolder":"C:\\Users\\SKATTEBO\\Downloads\\FinalDemoWeb\\target\\test-classes","isSystem":false,"isOwn":true,"isTest":true,"isJavaContent":false},{"kind":"source","path":"C:\\Users\\SKATTEBO\\Downloads\\FinalDemoWeb\\src\\test\\java","outputFolder":"C:\\Users\\SKATTEBO\\Downloads\\FinalDemoWeb\\target\\test-classes","javadocContainerUrl":"file:/C:/Users/SKATTEBO/Downloads/FinalDemoWeb/target/site/apidocs","isSystem":false,"isOwn":true,"isTest":false,"isJavaContent":false}]}